id,"country_iso3_code","state_iso_3166_2_code","name_en","metro_code","time_zone"
1,"USA","US-IN","Aurora","515","America/New_York"
2,"USA","US-KY","Paducah","632","America/Chicago"
3,"USA","US-MD","Jessup","512","America/New_York"
4,"USA","US-TN","Cordova","640","America/Chicago"
5,"USA","US-TX","Buda","635","America/Chicago"
6,"USA","US-AL","Mobile","686","America/Chicago"
7,"USA","US-AL","Phenix City","522","America/New_York"
8,"USA","US-AL","Russellville","691","America/Chicago"
9,"USA","US-AL","Wilmer","686","America/Chicago"
10,"USA","US-AR","Jacksonville","693","America/Chicago"
11,"USA","US-AR","Mena","693","America/Chicago"
12,"USA","US-AR","Monticello","693","America/Chicago"
13,"USA","US-DC","Washington","511","America/New_York"
14,"USA","US-DE","Greenwood","576","America/New_York"
15,"USA","US-DE","Seaford","576","America/New_York"
16,"USA","US-FL","Altamonte Springs","534","America/New_York"
17,"USA","US-FL","Altha","656","America/Chicago"
18,"USA","US-FL","Apalachicola","656","America/New_York"
19,"USA","US-FL","Babson Park","534","America/New_York"
20,"USA","US-FL","Blountstown","656","America/Chicago"
21,"USA","US-FL","Boca Raton","548","America/New_York"
22,"USA","US-FL","Boynton Beach","548","America/New_York"
23,"USA","US-FL","Bradenton","539","America/New_York"
24,"USA","US-FL","Bristol","656","America/New_York"
25,"USA","US-FL","Chattahoochee","530","America/New_York"
26,"USA","US-FL","Clearwater","539","America/New_York"
27,"USA","US-FL","Clermont","534","America/New_York"
28,"USA","US-FL","Cocoa","534","America/New_York"
29,"USA","US-FL","Cocoa Beach","534","America/New_York"
30,"USA","US-FL","Coral Gables","528","America/New_York"
31,"USA","US-FL","Dade City","539","America/New_York"
32,"USA","US-FL","Dunnellon","534","America/New_York"
33,"USA","US-FL","Eastpoint","656","America/New_York"
34,"USA","US-FL","Eustis","534","America/New_York"
35,"USA","US-FL","Fernandina Beach","561","America/New_York"
36,"USA","US-FL","Fort Lauderdale","528","America/New_York"
37,"USA","US-FL","Fort Myers","571","America/New_York"
38,"USA","US-FL","Ft. Pierce","548","America/New_York"
39,"USA","US-FL","Groveland","534","America/New_York"
40,"USA","US-FL","Haines City","539","America/New_York"
41,"USA","US-FL","Hialeah","528","America/New_York"
42,"USA","US-FL","Hollywood","528","America/New_York"
43,"USA","US-FL","Homestead","528","America/New_York"
44,"USA","US-FL","Interlachen","561","America/New_York"
45,"USA","US-FL","Jacksonville","561","America/New_York"
46,"USA","US-FL","Jupiter","548","America/New_York"
47,"USA","US-FL","Lady Lake","534","America/New_York"
48,"USA","US-FL","Lake Panasoffkee","534","America/New_York"
49,"USA","US-FL","Lake Wales","539","America/New_York"
50,"USA","US-FL","Largo","539","America/New_York"
51,"USA","US-FL","Leesburg","534","America/New_York"
52,"USA","US-FL","Lithia","539","America/New_York"
53,"USA","US-FL","Marianna","656","America/Chicago"
54,"USA","US-FL","Melbourne","534","America/New_York"
55,"USA","US-FL","Miami","528","America/New_York"
56,"USA","US-FL","Miami Beach","528","America/New_York"
57,"USA","US-FL","Middleburg","561","America/New_York"
58,"USA","US-FL","Mims","534","America/New_York"
59,"USA","US-FL","Mt. Dora","534","America/New_York"
60,"USA","US-FL","Myakka City","539","America/New_York"
61,"USA","US-FL","Naples","571","America/New_York"
62,"USA","US-FL","New Port Richey","539","America/New_York"
63,"USA","US-FL","New Smyrna Beach","534","America/New_York"
64,"USA","US-FL","North Miami Beach","528","America/New_York"
65,"USA","US-FL","Ocala","534","America/New_York"
66,"USA","US-FL","Odessa","539","America/New_York"
67,"USA","US-FL","Opa-locka","528","America/New_York"
68,"USA","US-FL","Orlando","534","America/New_York"
69,"USA","US-FL","Oviedo","534","America/New_York"
70,"USA","US-FL","Palm Bay","534","America/New_York"
71,"USA","US-FL","Perry","530","America/New_York"
72,"USA","US-FL","Pompano Beach","528","America/New_York"
73,"USA","US-FL","Ponte Vedra Beach","561","America/New_York"
74,"USA","US-FL","Port Saint Joe","656","America/New_York"
75,"USA","US-FL","St. Augustine","561","America/New_York"
76,"USA","US-FL","Saint Petersburg","539","America/New_York"
77,"USA","US-FL","Sarasota","539","America/New_York"
78,"USA","US-FL","Seminole","539","America/New_York"
79,"USA","US-FL","Tallahassee","530","America/New_York"
80,"USA","US-FL","Tampa","539","America/New_York"
81,"USA","US-FL","Vernon","656","America/Chicago"
82,"USA","US-FL","Wauchula","539","America/New_York"
83,"USA","US-FL","West Palm Beach","548","America/New_York"
84,"USA","US-FL","Wewahitchka","656","America/Chicago"
85,"USA","US-FL","Yulee","561","America/New_York"
86,"USA","US-FL","Zephyrhills","539","America/New_York"
87,"USA","US-GA","Atlanta","524","America/New_York"
88,"USA","US-GA","Augusta","520","America/New_York"
89,"USA","US-GA","Bethlehem","524","America/New_York"
90,"USA","US-GA","Cumming","524","America/New_York"
91,"USA","US-GA","Dacula","524","America/New_York"
92,"USA","US-GA","Decatur","524","America/New_York"
93,"USA","US-GA","Douglasville","524","America/New_York"
94,"USA","US-GA","Fairburn","524","America/New_York"
95,"USA","US-GA","Franklin","524","America/New_York"
96,"USA","US-GA","Jesup","507","America/New_York"
97,"USA","US-GA","Juliette","503","America/New_York"
98,"USA","US-GA","Kennesaw","524","America/New_York"
99,"USA","US-GA","Lawrenceville","524","America/New_York"
100,"USA","US-GA","Loganville","524","America/New_York"
101,"USA","US-GA","Lovejoy","524","America/New_York"
102,"USA","US-GA","Marietta","524","America/New_York"
103,"USA","US-GA","McDonough","524","America/New_York"
104,"USA","US-GA","Quitman","530","America/New_York"
105,"USA","US-GA","Register","507","America/New_York"
106,"USA","US-GA","Roswell","524","America/New_York"
107,"USA","US-GA","Stockbridge","524","America/New_York"
108,"USA","US-GA","Stone Mountain","524","America/New_York"
109,"USA","US-GA","Suwanee","524","America/New_York"
110,"USA","US-GA","Vidalia","507","America/New_York"
111,"USA","US-GA","Waynesboro","520","America/New_York"
112,"USA","US-GA","Woodstock","524","America/New_York"
113,"USA","US-IL","Belleville","609","America/Chicago"
114,"USA","US-IL","Carlyle","609","America/Chicago"
115,"USA","US-IL","Iuka","609","America/Chicago"
116,"USA","US-IN","Bloomington","527","America/Indiana/Indianapolis"
117,"USA","US-IN","Charlestown","529","America/Kentucky/Louisville"
118,"USA","US-IN","Columbus","527","America/Indiana/Indianapolis"
119,"USA","US-IN","Commiskey","529","America/Indiana/Indianapolis"
120,"USA","US-IN","Indianapolis","527","America/Indiana/Indianapolis"
121,"USA","US-IN","Jasper","649","America/Indiana/Vincennes"
122,"USA","US-IN","Lexington","529","America/Indiana/Indianapolis"
123,"USA","US-IN","Madison","529","America/Indiana/Indianapolis"
124,"USA","US-IN","Mitchell","527","America/Indiana/Indianapolis"
125,"USA","US-IN","Orleans","529","America/Indiana/Indianapolis"
126,"USA","US-IN","Sellersburg","529","America/Kentucky/Louisville"
127,"USA","US-KS","El Dorado","678","America/Chicago"
128,"USA","US-KS","Greenwich","678","America/Chicago"
129,"USA","US-KS","Hiawatha","605","America/Chicago"
130,"USA","US-KS","Horton","605","America/Chicago"
131,"USA","US-KS","Independence","671","America/Chicago"
132,"USA","US-KS","New Cambria","722","America/Chicago"
133,"USA","US-KS","Sabetha","605","America/Chicago"
134,"USA","US-KS","Seneca","605","America/Chicago"
135,"USA","US-KS","Topeka","605","America/Chicago"
136,"USA","US-KS","White Cloud","638","America/Chicago"
137,"USA","US-KS","Wichita","678","America/Chicago"
138,"USA","US-KY","Falmouth","515","America/New_York"
139,"USA","US-KY","Foster","515","America/New_York"
140,"USA","US-KY","Lexington","541","America/New_York"
141,"USA","US-KY","Louisville","529","America/Kentucky/Louisville"
142,"USA","US-KY","Pembroke","659","America/Chicago"
143,"USA","US-KY","Walton","515","America/New_York"
144,"USA","US-KY","West Point","529","America/New_York"
145,"USA","US-LA","Covington","622","America/Chicago"
146,"USA","US-LA","Franklin","716","America/Chicago"
147,"USA","US-LA","Metairie","622","America/Chicago"
148,"USA","US-LA","New Orleans","622","America/Chicago"
149,"USA","US-LA","Youngsville","642","America/Chicago"
150,"USA","US-MD","Accokeek","511","America/New_York"
151,"USA","US-MD","Baltimore","512","America/New_York"
152,"USA","US-MD","Beltsville","511","America/New_York"
153,"USA","US-MD","Clinton","511","America/New_York"
154,"USA","US-MD","Columbia","512","America/New_York"
155,"USA","US-MD","Frederick","511","America/New_York"
156,"USA","US-MD","Frostburg","511","America/New_York"
157,"USA","US-MD","Gaithersburg","511","America/New_York"
158,"USA","US-MD","Glen Burnie","512","America/New_York"
159,"USA","US-MD","Hagerstown","511","America/New_York"
160,"USA","US-MD","Hampstead","512","America/New_York"
161,"USA","US-MD","Hancock","511","America/New_York"
162,"USA","US-MD","Hyattsville","511","America/New_York"
163,"USA","US-MD","Middle River","512","America/New_York"
164,"USA","US-MD","Montgomery Village","511","America/New_York"
165,"USA","US-MD","Owings","511","America/New_York"
166,"USA","US-MD","Owings Mills","512","America/New_York"
167,"USA","US-MD","Riderwood","512","America/New_York"
168,"USA","US-MD","Rockville","511","America/New_York"
169,"USA","US-MD","Salisbury","576","America/New_York"
170,"USA","US-MD","Silver Spring","511","America/New_York"
171,"USA","US-MD","Temple Hills","511","America/New_York"
172,"USA","US-MD","Towson","512","America/New_York"
173,"USA","US-MD","Upper Marlboro","511","America/New_York"
174,"USA","US-MD","Westminster","512","America/New_York"
175,"USA","US-MO","Advance","632","America/Chicago"
176,"USA","US-MO","Alton","619","America/Chicago"
177,"USA","US-MO","Barnhart","609","America/Chicago"
178,"USA","US-MO","Bridgeton","609","America/Chicago"
179,"USA","US-MO","Bunceton","604","America/Chicago"
180,"USA","US-MO","California","604","America/Chicago"
181,"USA","US-MO","Cape Girardeau","632","America/Chicago"
182,"USA","US-MO","Catawissa","609","America/Chicago"
183,"USA","US-MO","Fenton","609","America/Chicago"
184,"USA","US-MO","Foristell","609","America/Chicago"
185,"USA","US-MO","Fredericktown","632","America/Chicago"
186,"USA","US-MO","Gravois Mills","604","America/Chicago"
187,"USA","US-MO","House Springs","609","America/Chicago"
188,"USA","US-MO","Independence","616","America/Chicago"
189,"USA","US-MO","Jefferson City","604","America/Chicago"
190,"USA","US-MO","Kansas City","616","America/Chicago"
191,"USA","US-MO","Lake Saint Louis","609","America/Chicago"
192,"USA","US-MO","Park Hills","609","America/Chicago"
193,"USA","US-MO","St Louis","609","America/Chicago"
194,"USA","US-MO","Saint Mary","632","America/Chicago"
195,"USA","US-MO","Sikeston","632","America/Chicago"
196,"USA","US-MO","Tipton","604","America/Chicago"
197,"USA","US-MO","Valles Mines","609","America/Chicago"
198,"USA","US-MS","Carthage","718","America/Chicago"
199,"USA","US-MS","Clinton","718","America/Chicago"
200,"USA","US-MS","Columbus","673","America/Chicago"
201,"USA","US-MS","Flowood","718","America/Chicago"
202,"USA","US-MS","Greenwood","647","America/Chicago"
203,"USA","US-MS","Gulfport","746","America/Chicago"
204,"USA","US-MS","Horn Lake","640","America/Chicago"
205,"USA","US-MS","Jackson","718","America/Chicago"
206,"USA","US-MS","Laurel","710","America/Chicago"
207,"USA","US-MS","Meridian","711","America/Chicago"
208,"USA","US-MS","Ocean Springs","746","America/Chicago"
209,"USA","US-MS","Ridgeland","718","America/Chicago"
210,"USA","US-MS","Tougaloo","718","America/Chicago"
211,"USA","US-NC","Apex","560","America/New_York"
212,"USA","US-NC","Banner Elk","517","America/New_York"
213,"USA","US-NC","Cary","560","America/New_York"
214,"USA","US-NC","Charlotte","517","America/New_York"
215,"USA","US-NC","Crumpler","531","America/New_York"
216,"USA","US-NC","Dudley","560","America/New_York"
217,"USA","US-NC","Durham","560","America/New_York"
218,"USA","US-NC","Fleetwood","531","America/New_York"
219,"USA","US-NC","Goldsboro","560","America/New_York"
220,"USA","US-NC","Grassy Creek","531","America/New_York"
221,"USA","US-NC","Greensboro","518","America/New_York"
222,"USA","US-NC","Henderson","560","America/New_York"
223,"USA","US-NC","Holly Springs","560","America/New_York"
224,"USA","US-NC","Iron Station","517","America/New_York"
225,"USA","US-NC","Jefferson","517","America/New_York"
226,"USA","US-NC","Kinston","545","America/New_York"
227,"USA","US-NC","Lansing","517","America/New_York"
228,"USA","US-NC","Maxton","570","America/New_York"
229,"USA","US-NC","Morrisville","560","America/New_York"
230,"USA","US-NC","Murphy","575","America/New_York"
231,"USA","US-NC","Piney Creek","518","America/New_York"
232,"USA","US-NC","Raleigh","560","America/New_York"
233,"USA","US-NC","Salisbury","517","America/New_York"
234,"USA","US-NC","Shelby","517","America/New_York"
235,"USA","US-NC","Siloam","518","America/New_York"
236,"USA","US-NC","Southern Pines","560","America/New_York"
237,"USA","US-NC","Sparta","518","America/New_York"
238,"USA","US-NC","Stantonsburg","545","America/New_York"
239,"USA","US-NC","Sugar Grove","531","America/New_York"
240,"USA","US-NC","Timberlake","560","America/New_York"
241,"USA","US-NC","Todd","531","America/New_York"
242,"USA","US-NC","Vilas","531","America/New_York"
243,"USA","US-NC","West Jefferson","517","America/New_York"
244,"USA","US-NC","Wilmington","550","America/New_York"
245,"USA","US-NC","Wilson","560","America/New_York"
246,"USA","US-NC","Zionville","531","America/New_York"
247,"USA","US-NJ","Atlantic City","504","America/New_York"
248,"USA","US-NJ","Mickleton","504","America/New_York"
249,"USA","US-NJ","Millville","504","America/New_York"
250,"USA","US-NJ","Mount Laurel","504","America/New_York"
251,"USA","US-NJ","Pennsville","504","America/New_York"
252,"USA","US-NJ","Pleasantville","504","America/New_York"
253,"USA","US-OH","Aberdeen","515","America/New_York"
254,"USA","US-OH","Ashville","535","America/New_York"
255,"USA","US-OH","Cincinnati","515","America/New_York"
256,"USA","US-OH","Circleville","535","America/New_York"
257,"USA","US-OH","Columbus","535","America/New_York"
258,"USA","US-OH","Dayton","542","America/New_York"
259,"USA","US-OH","Fairborn","542","America/New_York"
260,"USA","US-OH","Groveport","535","America/New_York"
261,"USA","US-OH","West Chester","515","America/New_York"
262,"USA","US-OH","Peebles","515","America/New_York"
263,"USA","US-OH","Stout","515","America/New_York"
264,"USA","US-OH","West Union","515","America/New_York"
265,"USA","US-OK","Blanchard","650","America/Chicago"
266,"USA","US-OK","Broken Arrow","671","America/Chicago"
267,"USA","US-OK","Drumright","671","America/Chicago"
268,"USA","US-OK","Fort Gibson","671","America/Chicago"
269,"USA","US-OK","Guthrie","650","America/Chicago"
270,"USA","US-OK","Lexington","650","America/Chicago"
271,"USA","US-OK","Luther","650","America/Chicago"
272,"USA","US-OK","Meeker","650","America/Chicago"
273,"USA","US-OK","Mustang","650","America/Chicago"
274,"USA","US-OK","Newcastle","650","America/Chicago"
275,"USA","US-OK","Norman","650","America/Chicago"
276,"USA","US-OK","Oklahoma City","650","America/Chicago"
277,"USA","US-OK","Shawnee","650","America/Chicago"
278,"USA","US-OK","Spencer","650","America/Chicago"
279,"USA","US-OK","Tulsa","671","America/Chicago"
280,"USA","US-OK","Tuttle","650","America/Chicago"
281,"USA","US-OK","Wellston","650","America/Chicago"
282,"USA","US-PA","Chambersburg","511","America/New_York"
283,"USA","US-PA","Coatesville","504","America/New_York"
284,"USA","US-PA","Darby","504","America/New_York"
285,"USA","US-PA","Gettysburg","566","America/New_York"
286,"USA","US-PA","Greencastle","511","America/New_York"
287,"USA","US-PA","Hanover","566","America/New_York"
288,"USA","US-PA","Kemblesville","504","America/New_York"
289,"USA","US-PA","Littlestown","566","America/New_York"
290,"USA","US-PA","Philadelphia","504","America/New_York"
291,"USA","US-PA","Waynesboro","511","America/New_York"
292,"USA","US-PA","York","566","America/New_York"
293,"USA","US-SC","Aiken","520","America/New_York"
294,"USA","US-SC","Anderson","567","America/New_York"
295,"USA","US-SC","Charleston","519","America/New_York"
296,"USA","US-SC","Clover","517","America/New_York"
297,"USA","US-SC","Columbia","546","America/New_York"
298,"USA","US-SC","Duncan","567","America/New_York"
299,"USA","US-SC","Fountain Inn","567","America/New_York"
300,"USA","US-SC","Greenville","567","America/New_York"
301,"USA","US-SC","North Augusta","520","America/New_York"
302,"USA","US-SC","Salem","567","America/New_York"
303,"USA","US-SC","Seneca","567","America/New_York"
304,"USA","US-SC","Townville","567","America/New_York"
305,"USA","US-SC","Wellford","567","America/New_York"
306,"USA","US-TN","Big Sandy","659","America/Chicago"
307,"USA","US-TN","Brentwood","659","America/Chicago"
308,"USA","US-TN","Clarksville","659","America/Chicago"
309,"USA","US-TN","Dickson","659","America/Chicago"
310,"USA","US-TN","Franklin","659","America/Chicago"
311,"USA","US-TN","Gallatin","659","America/Chicago"
312,"USA","US-TN","Goodlettsville","659","America/Chicago"
313,"USA","US-TN","Hohenwald","659","America/Chicago"
314,"USA","US-TN","Lenoir City","557","America/New_York"
315,"USA","US-TN","Lexington","639","America/Chicago"
316,"USA","US-TN","Madison","659","America/Chicago"
317,"USA","US-TN","Nashville","659","America/Chicago"
318,"USA","US-TN","Newport","557","America/New_York"
319,"USA","US-TN","Portland","659","America/Chicago"
320,"USA","US-TX","Alvarado","623","America/Chicago"
321,"USA","US-TX","Atlanta","612","America/Chicago"
322,"USA","US-TX","Austin","635","America/Chicago"
323,"USA","US-TX","Bonham","623","America/Chicago"
324,"USA","US-TX","Brenham","618","America/Chicago"
325,"USA","US-TX","Burleson","623","America/Chicago"
326,"USA","US-TX","Conroe","618","America/Chicago"
327,"USA","US-TX","Coppell","623","America/Chicago"
328,"USA","US-TX","Dallas","623","America/Chicago"
329,"USA","US-TX","Decatur","623","America/Chicago"
330,"USA","US-TX","Denton","623","America/Chicago"
331,"USA","US-TX","El Campo","618","America/Chicago"
332,"USA","US-TX","Euless","623","America/Chicago"
333,"USA","US-TX","Fort Worth","623","America/Chicago"
334,"USA","US-TX","Freeport","618","America/Chicago"
335,"USA","US-TX","Frisco","623","America/Chicago"
336,"USA","US-TX","Gainesville","623","America/Chicago"
337,"USA","US-TX","Garland","623","America/Chicago"
338,"USA","US-TX","Grapevine","623","America/Chicago"
339,"USA","US-TX","Greenville","623","America/Chicago"
340,"USA","US-TX","Hallettsville","641","America/Chicago"
341,"USA","US-TX","Houston","618","America/Chicago"
342,"USA","US-TX","Hurst","623","America/Chicago"
343,"USA","US-TX","Justin","623","America/Chicago"
344,"USA","US-TX","Katy","618","America/Chicago"
345,"USA","US-TX","Keller","623","America/Chicago"
346,"USA","US-TX","Kilgore","709","America/Chicago"
347,"USA","US-TX","Lancaster","623","America/Chicago"
348,"USA","US-TX","League City","618","America/Chicago"
349,"USA","US-TX","Livingston","618","America/Chicago"
350,"USA","US-TX","London","641","America/Chicago"
351,"USA","US-TX","Mansfield","623","America/Chicago"
352,"USA","US-TX","Marshall","612","America/Chicago"
353,"USA","US-TX","McKinney","623","America/Chicago"
354,"USA","US-TX","Mesquite","623","America/Chicago"
355,"USA","US-TX","Missouri City","618","America/Chicago"
356,"USA","US-TX","Odem","600","America/Chicago"
357,"USA","US-TX","Pasadena","618","America/Chicago"
358,"USA","US-TX","Pearland","618","America/Chicago"
359,"USA","US-TX","Plano","623","America/Chicago"
360,"USA","US-TX","Portland","600","America/Chicago"
361,"USA","US-TX","Pottsboro","657","America/Chicago"
362,"USA","US-TX","Robstown","600","America/Chicago"
363,"USA","US-TX","Rosharon","618","America/Chicago"
364,"USA","US-TX","Round Rock","635","America/Chicago"
365,"USA","US-TX","Rowlett","623","America/Chicago"
366,"USA","US-TX","San Antonio","641","America/Chicago"
367,"USA","US-TX","Sandia","600","America/Chicago"
368,"USA","US-TX","Shiner","641","America/Chicago"
369,"USA","US-TX","Spring","618","America/Chicago"
370,"USA","US-TX","Sugar Land","618","America/Chicago"
371,"USA","US-TX","Sweet Home","626","America/Chicago"
372,"USA","US-TX","Taft","600","America/Chicago"
373,"USA","US-TX","Tomball","618","America/Chicago"
374,"USA","US-TX","Tyler","709","America/Chicago"
375,"USA","US-TX","Woodsboro","600","America/Chicago"
376,"USA","US-VA","Alexandria","511","America/New_York"
377,"USA","US-VA","Annandale","511","America/New_York"
378,"USA","US-VA","Arlington","511","America/New_York"
379,"USA","US-VA","Ashburn","511","America/New_York"
380,"USA","US-VA","Centreville","511","America/New_York"
381,"USA","US-VA","Chantilly","511","America/New_York"
382,"USA","US-VA","Charlottesville","584","America/New_York"
383,"USA","US-VA","Chesapeake","544","America/New_York"
384,"USA","US-VA","Chester","556","America/New_York"
385,"USA","US-VA","Christiansburg","573","America/New_York"
386,"USA","US-VA","Cleveland","531","America/New_York"
387,"USA","US-VA","Fairfax","511","America/New_York"
388,"USA","US-VA","Fairfax Station","511","America/New_York"
389,"USA","US-VA","Falls Church","511","America/New_York"
390,"USA","US-VA","Glen Allen","556","America/New_York"
391,"USA","US-VA","Herndon","511","America/New_York"
392,"USA","US-VA","Leesburg","511","America/New_York"
393,"USA","US-VA","Little Plymouth","556","America/New_York"
394,"USA","US-VA","Lorton","511","America/New_York"
395,"USA","US-VA","Louisa","556","America/New_York"
396,"USA","US-VA","Lynchburg","573","America/New_York"
397,"USA","US-VA","Nellysford","573","America/New_York"
398,"USA","US-VA","Newington","511","America/New_York"
399,"USA","US-VA","Newport News","544","America/New_York"
400,"USA","US-VA","Nickelsville","531","America/New_York"
401,"USA","US-VA","Pamplin","573","America/New_York"
402,"USA","US-VA","Prince George","556","America/New_York"
403,"USA","US-VA","Providence Forge","556","America/New_York"
404,"USA","US-VA","Radford","573","America/New_York"
405,"USA","US-VA","Reston","511","America/New_York"
406,"USA","US-VA","Richmond","556","America/New_York"
407,"USA","US-VA","Roanoke","573","America/New_York"
408,"USA","US-VA","Ruther Glen","556","America/New_York"
409,"USA","US-VA","Salem","573","America/New_York"
410,"USA","US-VA","Saluda","556","America/New_York"
411,"USA","US-VA","Springfield","511","America/New_York"
412,"USA","US-VA","Sterling","511","America/New_York"
413,"USA","US-VA","Suffolk","544","America/New_York"
414,"USA","US-VA","Tappahannock","556","America/New_York"
415,"USA","US-VA","Vesuvius","573","America/New_York"
416,"USA","US-VA","Vienna","511","America/New_York"
417,"USA","US-VA","Virginia Beach","544","America/New_York"
418,"USA","US-VA","Wake","544","America/New_York"
419,"USA","US-VA","Williamsburg","544","America/New_York"
420,"USA","US-VA","Winchester","511","America/New_York"
421,"USA","US-VA","Woodbridge","511","America/New_York"
422,"USA","US-WV","Charles Town","511","America/New_York"
423,"USA","US-WV","Fairmont","598","America/New_York"
424,"USA","US-WV","Morgantown","508","America/New_York"
425,"USA","US-WV","New Martinsville","554","America/New_York"
426,"USA","US-WV","Poca","564","America/New_York"
427,"USA","US-WV","Robson","559","America/New_York"
428,"USA","US-MA","North Andover","506","America/New_York"
429,"USA","US-CT","Dayville","533","America/New_York"
430,"USA","US-CT","East Haddam","533","America/New_York"
431,"USA","US-CT","East Haven","533","America/New_York"
432,"USA","US-CT","Fairfield","501","America/New_York"
433,"USA","US-CT","Farmington","533","America/New_York"
434,"USA","US-CT","Groton","533","America/New_York"
435,"USA","US-CT","Hamden","533","America/New_York"
436,"USA","US-CT","Manchester","533","America/New_York"
437,"USA","US-CT","Monroe","501","America/New_York"
438,"USA","US-CT","Naugatuck","533","America/New_York"
439,"USA","US-CT","Seymour","533","America/New_York"
440,"USA","US-CT","Shelton","501","America/New_York"
441,"USA","US-CT","Southington","533","America/New_York"
442,"USA","US-CT","Stamford","501","America/New_York"
443,"USA","US-CT","Woodstock","533","America/New_York"
444,"USA","US-IA","Davenport","682","America/Chicago"
445,"USA","US-IA","Des Moines","679","America/Chicago"
446,"USA","US-IA","Dubuque","637","America/Chicago"
447,"USA","US-IA","Iowa City","637","America/Chicago"
448,"USA","US-IL","Arlington Heights","602","America/Chicago"
449,"USA","US-IL","Aurora","602","America/Chicago"
450,"USA","US-IL","Batavia","602","America/Chicago"
451,"USA","US-IL","Bloomington","675","America/Chicago"
452,"USA","US-IL","Buffalo Grove","602","America/Chicago"
453,"USA","US-IL","Carol Stream","602","America/Chicago"
454,"USA","US-IL","Chicago","602","America/Chicago"
455,"USA","US-IL","Crete","602","America/Chicago"
456,"USA","US-IL","Darien","602","America/Chicago"
457,"USA","US-IL","Des Plaines","602","America/Chicago"
458,"USA","US-IL","Downers Grove","602","America/Chicago"
459,"USA","US-IL","Elgin","602","America/Chicago"
460,"USA","US-IL","Elk Grove Village","602","America/Chicago"
461,"USA","US-IL","Genoa","602","America/Chicago"
462,"USA","US-IL","Glen Ellyn","602","America/Chicago"
463,"USA","US-IL","Kankakee","602","America/Chicago"
464,"USA","US-IL","Lake Villa","602","America/Chicago"
465,"USA","US-IL","Lombard","602","America/Chicago"
466,"USA","US-IL","Lyons","602","America/Chicago"
467,"USA","US-IL","Naperville","602","America/Chicago"
468,"USA","US-IL","Normal","675","America/Chicago"
469,"USA","US-IL","Northbrook","602","America/Chicago"
470,"USA","US-IL","Oak Park","602","America/Chicago"
471,"USA","US-IL","Palos Park","602","America/Chicago"
472,"USA","US-IL","Peoria","675","America/Chicago"
473,"USA","US-IL","Rochelle","610","America/Chicago"
474,"USA","US-IL","Rockford","610","America/Chicago"
475,"USA","US-IL","Schiller Park","602","America/Chicago"
476,"USA","US-IL","South Elgin","602","America/Chicago"
477,"USA","US-IL","Wheeling","602","America/Chicago"
478,"USA","US-IN","Anderson","527","America/Indiana/Indianapolis"
479,"USA","US-IN","Elkhart","588","America/Indiana/Indianapolis"
480,"USA","US-IN","Merrillville","602","America/Chicago"
481,"USA","US-IN","Sheridan","527","America/Indiana/Indianapolis"
482,"USA","US-IN","West Lafayette","582","America/Indiana/Indianapolis"
483,"USA","US-MA","Andover","506","America/New_York"
484,"USA","US-MA","Arlington","506","America/New_York"
485,"USA","US-MA","Billerica","506","America/New_York"
486,"USA","US-MA","Boston","506","America/New_York"
487,"USA","US-MA","Cambridge","506","America/New_York"
488,"USA","US-MA","Canton","506","America/New_York"
489,"USA","US-MA","Chestnut Hill","506","America/New_York"
490,"USA","US-MA","Everett","506","America/New_York"
491,"USA","US-MA","Gill","543","America/New_York"
492,"USA","US-MA","Hopkinton","506","America/New_York"
493,"USA","US-MA","Jamaica Plain","506","America/New_York"
494,"USA","US-MA","Lexington","506","America/New_York"
495,"USA","US-MA","Lincoln","506","America/New_York"
496,"USA","US-MA","Littleton","506","America/New_York"
497,"USA","US-MA","Mattapoisett","506","America/New_York"
498,"USA","US-MA","North Attleboro","521","America/New_York"
499,"USA","US-MA","Plymouth","506","America/New_York"
500,"USA","US-MA","Saugus","506","America/New_York"
501,"USA","US-MA","Waltham","506","America/New_York"
502,"USA","US-MA","Warwick","543","America/New_York"
503,"USA","US-MA","Westborough","506","America/New_York"
504,"USA","US-MA","Westfield","543","America/New_York"
505,"USA","US-MA","Whitinsville","506","America/New_York"
506,"USA","US-MA","Woburn","506","America/New_York"
507,"USA","US-ME","Ellsworth","537","America/New_York"
508,"USA","US-ME","Lewiston","500","America/New_York"
509,"USA","US-MI","Ann Arbor","505","America/Detroit"
510,"USA","US-MI","Attica","505","America/Detroit"
511,"USA","US-MI","Auburn Hills","505","America/Detroit"
512,"USA","US-MI","Bloomfield Hills","505","America/Detroit"
513,"USA","US-MI","Capac","505","America/Detroit"
514,"USA","US-MI","Cedar Springs","563","America/Detroit"
515,"USA","US-MI","Charlotte","551","America/Detroit"
516,"USA","US-MI","Detroit","505","America/Detroit"
517,"USA","US-MI","Dundee","505","America/Detroit"
518,"USA","US-MI","Farmington Hills",NULL,"America/Detroit"
519,"USA","US-MI","Flint","513","America/Detroit"
520,"USA","US-MI","Grand Rapids","563","America/Detroit"
521,"USA","US-MI","Hart","563","America/Detroit"
522,"USA","US-MI","Jackson","551","America/Detroit"
523,"USA","US-MI","Ludington","540","America/Detroit"
524,"USA","US-MI","Metropolitan",NULL,"America/Menominee"
525,"USA","US-MI","Muskegon","563","America/Detroit"
526,"USA","US-MI","Newaygo","563","America/Detroit"
527,"USA","US-MI","Novi","505","America/Detroit"
528,"USA","US-MI","Oxford","505","America/Detroit"
529,"USA","US-MI","Petersburg","505","America/Detroit"
530,"USA","US-MI","Plymouth","505","America/Detroit"
531,"USA","US-MI","Rockford","563","America/Detroit"
532,"USA","US-MI","Roscommon","540","America/Detroit"
533,"USA","US-MI","Saginaw","513","America/Detroit"
534,"USA","US-MI","Southfield","505","America/Detroit"
535,"USA","US-MI","Saint Clair Shores","505","America/Detroit"
536,"USA","US-MI","Sterling Heights","505","America/Detroit"
537,"USA","US-MI","Sumner","513","America/Detroit"
538,"USA","US-MI","Taylor","505","America/Detroit"
539,"USA","US-MI","Traverse City","540","America/Detroit"
540,"USA","US-MI","Troy","505","America/Detroit"
541,"USA","US-MI","Union Lake","505","America/Detroit"
542,"USA","US-MI","Utica","505","America/Detroit"
543,"USA","US-MI","Warren","505","America/Detroit"
544,"USA","US-MI","Whitmore Lake","505","America/Detroit"
545,"USA","US-MI","Wixom","505","America/Detroit"
546,"USA","US-MN","Anoka","613","America/Chicago"
547,"USA","US-MN","Blue Earth","737","America/Chicago"
548,"USA","US-MN","Elgin","613","America/Chicago"
549,"USA","US-MN","Eyota","611","America/Chicago"
550,"USA","US-MN","Kellogg","613","America/Chicago"
551,"USA","US-MN","Lewiston","702","America/Chicago"
552,"USA","US-MN","Mabel","611","America/Chicago"
553,"USA","US-MN","Maple Grove","613","America/Chicago"
554,"USA","US-MN","Minneapolis","613","America/Chicago"
555,"USA","US-MN","Minnesota Lake","737","America/Chicago"
556,"USA","US-MN","New Prague","613","America/Chicago"
557,"USA","US-MN","Plainview","613","America/Chicago"
558,"USA","US-MN","Red Wing","613","America/Chicago"
559,"USA","US-MN","Rollingstone","702","America/Chicago"
560,"USA","US-MN","Rushmore","725","America/Chicago"
561,"USA","US-MN","Saint Paul","613","America/Chicago"
562,"USA","US-MN","Spring Grove","702","America/Chicago"
563,"USA","US-MN","Wabasha","613","America/Chicago"
564,"USA","US-MN","Wells","737","America/Chicago"
565,"USA","US-MN","Winnebago","737","America/Chicago"
566,"USA","US-MN","Winona","702","America/Chicago"
567,"USA","US-ND","Montpelier","724","America/Chicago"
568,"USA","US-NE","Grand Island","722","America/Chicago"
569,"USA","US-NE","Lincoln","722","America/Chicago"
570,"USA","US-NH","Center Harbor","506","America/New_York"
571,"USA","US-NH","Manchester","506","America/New_York"
572,"USA","US-NH","Swanzey","506","America/New_York"
573,"USA","US-NJ","Asbury Park","501","America/New_York"
574,"USA","US-NJ","Avenel","501","America/New_York"
575,"USA","US-NJ","Butler","501","America/New_York"
576,"USA","US-NJ","Cedar Knolls","501","America/New_York"
577,"USA","US-NJ","Crosswicks","504","America/New_York"
578,"USA","US-NJ","Dayton","501","America/New_York"
579,"USA","US-NJ","Dover","501","America/New_York"
580,"USA","US-NJ","East Hanover","501","America/New_York"
581,"USA","US-NJ","Edison","501","America/New_York"
582,"USA","US-NJ","Fort Lee","501","America/New_York"
583,"USA","US-NJ","Hackensack","501","America/New_York"
584,"USA","US-NJ","Helmetta","501","America/New_York"
585,"USA","US-NJ","High Bridge","501","America/New_York"
586,"USA","US-NJ","Hillsborough","501","America/New_York"
587,"USA","US-NJ","Hoboken","501","America/New_York"
588,"USA","US-NJ","Jersey City","501","America/New_York"
589,"USA","US-NJ","Ledgewood","501","America/New_York"
590,"USA","US-NJ","Newark","501","America/New_York"
591,"USA","US-NJ","North Bergen","501","America/New_York"
592,"USA","US-NJ","Perth Amboy","501","America/New_York"
593,"USA","US-NJ","Plainfield","501","America/New_York"
594,"USA","US-NJ","Plainsboro","501","America/New_York"
595,"USA","US-NJ","Princeton","504","America/New_York"
596,"USA","US-NJ","Ridgefield","501","America/New_York"
597,"USA","US-NJ","Ridgewood","501","America/New_York"
598,"USA","US-NJ","Ringoes","501","America/New_York"
599,"USA","US-NJ","Riverdale","501","America/New_York"
600,"USA","US-NJ","Secaucus","501","America/New_York"
601,"USA","US-NJ","Somerset","501","America/New_York"
602,"USA","US-NJ","Somerville","501","America/New_York"
603,"USA","US-NJ","Trenton","504","America/New_York"
604,"USA","US-NY","Amsterdam","532","America/New_York"
605,"USA","US-NY","Breezy Point","501","America/New_York"
606,"USA","US-NY","Bronx","501","America/New_York"
607,"USA","US-NY","Brooklyn","501","America/New_York"
608,"USA","US-NY","Buffalo","514","America/New_York"
609,"USA","US-NY","Corfu","514","America/New_York"
610,"USA","US-NY","East Greenbush","532","America/New_York"
611,"USA","US-NY","East Norwich","501","America/New_York"
612,"USA","US-NY","Elma","514","America/New_York"
613,"USA","US-NY","Elmhurst","501","America/New_York"
614,"USA","US-NY","Flushing","501","America/New_York"
615,"USA","US-NY","Fort Edward","532","America/New_York"
616,"USA","US-NY","Fresh Meadows","501","America/New_York"
617,"USA","US-NY","Genoa","555","America/New_York"
618,"USA","US-NY","Getzville","514","America/New_York"
619,"USA","US-NY","Ghent","532","America/New_York"
620,"USA","US-NY","Great Neck","501","America/New_York"
621,"USA","US-NY","Great River","501","America/New_York"
622,"USA","US-NY","Greenfield Center","532","America/New_York"
623,"USA","US-NY","Harrison","501","America/New_York"
624,"USA","US-NY","Hicksville","501","America/New_York"
625,"USA","US-NY","Jamaica","501","America/New_York"
626,"USA","US-NY","Latham","532","America/New_York"
627,"USA","US-NY","Lockport","514","America/New_York"
628,"USA","US-NY","Long Island City","501","America/New_York"
629,"USA","US-NY","Massapequa Park","501","America/New_York"
630,"USA","US-NY","New York","501","America/New_York"
631,"USA","US-NY","North Rose","555","America/New_York"
632,"USA","US-NY","North Tonawanda","514","America/New_York"
633,"USA","US-NY","Olcott","514","America/New_York"
634,"USA","US-NY","Ozone Park","501","America/New_York"
635,"USA","US-NY","Paul Smiths","523","America/New_York"
636,"USA","US-NY","Phoenix","555","America/New_York"
637,"USA","US-NY","Poughkeepsie","501","America/New_York"
638,"USA","US-NY","Richmond Hill","501","America/New_York"
639,"USA","US-NY","Rochester","538","America/New_York"
640,"USA","US-NY","Rome","555","America/New_York"
641,"USA","US-NY","Schenectady","532","America/New_York"
642,"USA","US-NY","Smithtown","501","America/New_York"
643,"USA","US-NY","Staten Island","501","America/New_York"
644,"USA","US-NY","Syracuse","555","America/New_York"
645,"USA","US-NY","Troy","532","America/New_York"
646,"USA","US-NY","Utica","526","America/New_York"
647,"USA","US-NY","Watertown","549","America/New_York"
648,"USA","US-NY","Webster","538","America/New_York"
649,"USA","US-NY","Westbury","501","America/New_York"
650,"USA","US-NY","White Plains","501","America/New_York"
651,"USA","US-NY","Whitney Point","502","America/New_York"
652,"USA","US-NY","Youngstown","514","America/New_York"
653,"USA","US-OH","Akron","510","America/New_York"
654,"USA","US-OH","Alliance","510","America/New_York"
655,"USA","US-OH","Brecksville","510","America/New_York"
656,"USA","US-OH","Brunswick","510","America/New_York"
657,"USA","US-OH","Canton","510","America/New_York"
658,"USA","US-OH","Cleveland","510","America/New_York"
659,"USA","US-OH","Clinton","510","America/New_York"
660,"USA","US-OH","Cuyahoga Falls","510","America/New_York"
661,"USA","US-OH","Elyria","510","America/New_York"
662,"USA","US-OH","Fostoria","547","America/New_York"
663,"USA","US-OH","Greenville","542","America/New_York"
664,"USA","US-OH","Lewis Center","535","America/New_York"
665,"USA","US-OH","Lima","558","America/New_York"
666,"USA","US-OH","Mansfield","510","America/New_York"
667,"USA","US-OH","Mantua","510","America/New_York"
668,"USA","US-OH","North Olmsted","510","America/New_York"
669,"USA","US-OH","Richfield","510","America/New_York"
670,"USA","US-OH","Sebring","536","America/New_York"
671,"USA","US-OH","Spencerville","558","America/New_York"
672,"USA","US-OH","Swanton","547","America/New_York"
673,"USA","US-PA","Allentown","504","America/New_York"
674,"USA","US-PA","Bedford","574","America/New_York"
675,"USA","US-PA","Bensalem","504","America/New_York"
676,"USA","US-PA","Bethlehem","504","America/New_York"
677,"USA","US-PA","Blue Bell","504","America/New_York"
678,"USA","US-PA","Bridgeville","508","America/New_York"
679,"USA","US-PA","Burgettstown","508","America/New_York"
680,"USA","US-PA","Canonsburg","508","America/New_York"
681,"USA","US-PA","Clairton","508","America/New_York"
682,"USA","US-PA","Clarence","574","America/New_York"
683,"USA","US-PA","Coraopolis","508","America/New_York"
684,"USA","US-PA","Douglassville","504","America/New_York"
685,"USA","US-PA","Doylestown","504","America/New_York"
686,"USA","US-PA","Drifting","574","America/New_York"
687,"USA","US-PA","Duncansville","574","America/New_York"
688,"USA","US-PA","East Earl","566","America/New_York"
689,"USA","US-PA","East Stroudsburg","577","America/New_York"
690,"USA","US-PA","Elizabeth","508","America/New_York"
691,"USA","US-PA","Erie","516","America/New_York"
692,"USA","US-PA","Farrell","536","America/New_York"
693,"USA","US-PA","Fort Washington","504","America/New_York"
694,"USA","US-PA","Frenchville","574","America/New_York"
695,"USA","US-PA","Glenside","504","America/New_York"
696,"USA","US-PA","Grantville","566","America/New_York"
697,"USA","US-PA","Grassflat","574","America/New_York"
698,"USA","US-PA","Greensburg","508","America/New_York"
699,"USA","US-PA","Harrisburg","566","America/New_York"
700,"USA","US-PA","Hawley","577","America/New_York"
701,"USA","US-PA","Honesdale","577","America/New_York"
702,"USA","US-PA","Horsham","504","America/New_York"
703,"USA","US-PA","Houtzdale","574","America/New_York"
704,"USA","US-PA","Karthaus","574","America/New_York"
705,"USA","US-PA","King of Prussia","504","America/New_York"
706,"USA","US-PA","Knoxville","565","America/New_York"
707,"USA","US-PA","Langeloth","508","America/New_York"
708,"USA","US-PA","Langhorne","504","America/New_York"
709,"USA","US-PA","Leetsdale","508","America/New_York"
710,"USA","US-PA","Lock Haven","577","America/New_York"
711,"USA","US-PA","Long Pond","577","America/New_York"
712,"USA","US-PA","Mansfield","565","America/New_York"
713,"USA","US-PA","McKees Rocks","508","America/New_York"
714,"USA","US-PA","McKeesport","508","America/New_York"
715,"USA","US-PA","Monaca","508","America/New_York"
716,"USA","US-PA","Montoursville","577","America/New_York"
717,"USA","US-PA","Morrisdale","574","America/New_York"
718,"USA","US-PA","Morrisville","504","America/New_York"
719,"USA","US-PA","New Kensington","508","America/New_York"
720,"USA","US-PA","Norristown","504","America/New_York"
721,"USA","US-PA","Pitcairn","508","America/New_York"
722,"USA","US-PA","Pittsburgh","508","America/New_York"
723,"USA","US-PA","Pittston","577","America/New_York"
724,"USA","US-PA","Quakertown","504","America/New_York"
725,"USA","US-PA","Reading","504","America/New_York"
726,"USA","US-PA","Royersford","504","America/New_York"
727,"USA","US-PA","Russellton","508","America/New_York"
728,"USA","US-PA","Scranton","577","America/New_York"
729,"USA","US-PA","Sidman","574","America/New_York"
730,"USA","US-PA","Somerset","574","America/New_York"
731,"USA","US-PA","Verona","508","America/New_York"
732,"USA","US-PA","Warrington","504","America/New_York"
733,"USA","US-PA","Wayne","504","America/New_York"
734,"USA","US-PA","Wellsboro","565","America/New_York"
735,"USA","US-PA","West Mifflin","508","America/New_York"
736,"USA","US-RI","Cranston","521","America/New_York"
737,"USA","US-RI","Kingston","521","America/New_York"
738,"USA","US-VT","Barnard","523","America/New_York"
739,"USA","US-VT","Bethel","523","America/New_York"
740,"USA","US-VT","Brattleboro","506","America/New_York"
741,"USA","US-VT","Burlington","523","America/New_York"
742,"USA","US-VT","Jamaica","532","America/New_York"
743,"USA","US-VT","Londonderry","506","America/New_York"
744,"USA","US-VT","Newfane","506","America/New_York"
745,"USA","US-VT","Northfield Falls","523","America/New_York"
746,"USA","US-VT","Putney","506","America/New_York"
747,"USA","US-VT","South Burlington","523","America/New_York"
748,"USA","US-VT","Stamford","532","America/New_York"
749,"USA","US-VT","West Danville","523","America/New_York"
750,"USA","US-VT","White River Junction","523","America/New_York"
751,"USA","US-VT","Winooski","523","America/New_York"
752,"USA","US-WI","Aniwa","705","America/Chicago"
753,"USA","US-WI","Bay City","613","America/Chicago"
754,"USA","US-WI","Brookfield","617","America/Chicago"
755,"USA","US-WI","Depere","658","America/Chicago"
756,"USA","US-WI","Hager City","613","America/Chicago"
757,"USA","US-WI","Institute",NULL,"America/Chicago"
758,"USA","US-WI","La Crosse","702","America/Chicago"
759,"USA","US-WI","Menomonee Falls","617","America/Chicago"
760,"USA","US-WI","Milwaukee","617","America/Chicago"
761,"USA","US-WI","Mosinee","705","America/Chicago"
762,"USA","US-WI","Pleasant Prairie","617","America/Chicago"
763,"USA","US-WI","River Falls","613","America/Chicago"
764,"USA","US-WI","Saint Germain","705","America/Chicago"
765,"USA","US-WI","Waukesha","617","America/Chicago"
766,"USA","US-WV","Wellsburg","554","America/New_York"
767,"USA","US-CT","Burlington","533","America/New_York"
768,"USA","US-AZ","Bullhead City","753","America/Phoenix"
769,"USA","US-AZ","Chino Valley","753","America/Phoenix"
770,"USA","US-AZ","Flagstaff","753","America/Phoenix"
771,"USA","US-AZ","Gilbert","753","America/Phoenix"
772,"USA","US-AZ","Glendale","753","America/Phoenix"
773,"USA","US-AZ","Grand Canyon","753","America/Phoenix"
774,"USA","US-AZ","Kingman","753","America/Phoenix"
775,"USA","US-AZ","Mesa","753","America/Phoenix"
776,"USA","US-AZ","Peoria","753","America/Phoenix"
777,"USA","US-AZ","Phoenix","753","America/Phoenix"
778,"USA","US-AZ","Prescott","753","America/Phoenix"
779,"USA","US-AZ","Prescott Valley","753","America/Phoenix"
780,"USA","US-AZ","Queen Creek","753","America/Phoenix"
781,"USA","US-AZ","Rio Rico","789","America/Phoenix"
782,"USA","US-AZ","Sacaton","753","America/Phoenix"
783,"USA","US-AZ","Scottsdale","753","America/Phoenix"
784,"USA","US-AZ","Sierra Vista","789","America/Phoenix"
785,"USA","US-AZ","Tempe","753","America/Phoenix"
786,"USA","US-AZ","Topock","753","America/Los_Angeles"
787,"USA","US-AZ","Tucson","789","America/Phoenix"
788,"USA","US-AZ","Waddell","753","America/Phoenix"
789,"USA","US-AZ","Yuma","771","America/Phoenix"
790,"USA","US-CA","Alhambra","803","America/Los_Angeles"
791,"USA","US-CA","Anaheim","803","America/Los_Angeles"
792,"USA","US-CA","City of Angels","862","America/Los_Angeles"
793,"USA","US-CA","Anza","804","America/Los_Angeles"
794,"USA","US-CA","Arcadia","803","America/Los_Angeles"
795,"USA","US-CA","Arnold","862","America/Los_Angeles"
796,"USA","US-CA","Aromas","828","America/Los_Angeles"
797,"USA","US-CA","Bakersfield","800","America/Los_Angeles"
798,"USA","US-CA","Baldwin Park","803","America/Los_Angeles"
799,"USA","US-CA","Beverly Hills","803","America/Los_Angeles"
800,"USA","US-CA","Bishop","803","America/Los_Angeles"
801,"USA","US-CA","Boulevard","825","America/Los_Angeles"
802,"USA","US-CA","Burbank","803","America/Los_Angeles"
803,"USA","US-CA","Carlsbad","825","America/Los_Angeles"
804,"USA","US-CA","Castro Valley","807","America/Los_Angeles"
805,"USA","US-CA","Cathedral City","804","America/Los_Angeles"
806,"USA","US-CA","Chino Hills","803","America/Los_Angeles"
807,"USA","US-CA","Coachella","804","America/Los_Angeles"
808,"USA","US-CA","Cobb","807","America/Los_Angeles"
809,"USA","US-CA","Corona","803","America/Los_Angeles"
810,"USA","US-CA","Costa Mesa","803","America/Los_Angeles"
811,"USA","US-CA","Culver City","803","America/Los_Angeles"
812,"USA","US-CA","Cupertino","807","America/Los_Angeles"
813,"USA","US-CA","Daly City","807","America/Los_Angeles"
814,"USA","US-CA","Desert Hot Springs","804","America/Los_Angeles"
815,"USA","US-CA","Downey","803","America/Los_Angeles"
816,"USA","US-CA","Dublin","807","America/Los_Angeles"
817,"USA","US-CA","El Cajon","825","America/Los_Angeles"
818,"USA","US-CA","El Segundo","803","America/Los_Angeles"
819,"USA","US-CA","Encino","803","America/Los_Angeles"
820,"USA","US-CA","Escondido","825","America/Los_Angeles"
821,"USA","US-CA","Fontana","803","America/Los_Angeles"
822,"USA","US-CA","Foster City","807","America/Los_Angeles"
823,"USA","US-CA","Fountain Valley","803","America/Los_Angeles"
824,"USA","US-CA","Fremont","807","America/Los_Angeles"
825,"USA","US-CA","Fresno","866","America/Los_Angeles"
826,"USA","US-CA","Fullerton","803","America/Los_Angeles"
827,"USA","US-CA","Glendale","803","America/Los_Angeles"
828,"USA","US-CA","Grass Valley","862","America/Los_Angeles"
829,"USA","US-CA","Groveland","862","America/Los_Angeles"
830,"USA","US-CA","Hollister","828","America/Los_Angeles"
831,"USA","US-CA","Huntington Beach","803","America/Los_Angeles"
832,"USA","US-CA","Indio","804","America/Los_Angeles"
833,"USA","US-CA","Inglewood","803","America/Los_Angeles"
834,"USA","US-CA","Inverness","807","America/Los_Angeles"
835,"USA","US-CA","Irvine","803","America/Los_Angeles"
836,"USA","US-CA","La Habra","803","America/Los_Angeles"
837,"USA","US-CA","La Jolla","825","America/Los_Angeles"
838,"USA","US-CA","Lafayette","807","America/Los_Angeles"
839,"USA","US-CA","Lake Elsinore","803","America/Los_Angeles"
840,"USA","US-CA","Lake Forest","803","America/Los_Angeles"
841,"USA","US-CA","Lakewood","803","America/Los_Angeles"
842,"USA","US-CA","Livermore","807","America/Los_Angeles"
843,"USA","US-CA","Lone Pine","803","America/Los_Angeles"
844,"USA","US-CA","Long Beach","803","America/Los_Angeles"
845,"USA","US-CA","Los Altos","807","America/Los_Angeles"
846,"USA","US-CA","Los Angeles","803","America/Los_Angeles"
847,"USA","US-CA","Mill Valley","807","America/Los_Angeles"
848,"USA","US-CA","Milpitas","807","America/Los_Angeles"
849,"USA","US-CA","Mira Loma","803","America/Los_Angeles"
850,"USA","US-CA","Modesto","862","America/Los_Angeles"
851,"USA","US-CA","Montebello","803","America/Los_Angeles"
852,"USA","US-CA","Monterey County","828","America/Los_Angeles"
853,"USA","US-CA","Mountain Ranch","862","America/Los_Angeles"
854,"USA","US-CA","Mountain View","807","America/Los_Angeles"
855,"USA","US-CA","Murrieta","803","America/Los_Angeles"
856,"USA","US-CA","Needles","803","America/Los_Angeles"
857,"USA","US-CA","Newhall","803","America/Los_Angeles"
858,"USA","US-CA","Newport Beach","803","America/Los_Angeles"
859,"USA","US-CA","Norwalk","803","America/Los_Angeles"
860,"USA","US-CA","Oakland","807","America/Los_Angeles"
861,"USA","US-CA","Oceanside","825","America/Los_Angeles"
862,"USA","US-CA","Orange","803","America/Los_Angeles"
863,"USA","US-CA","Orangevale","862","America/Los_Angeles"
864,"USA","US-CA","Oroville","868","America/Los_Angeles"
865,"USA","US-CA","Oxnard","803","America/Los_Angeles"
866,"USA","US-CA","Palm Desert","804","America/Los_Angeles"
867,"USA","US-CA","Palmdale","803","America/Los_Angeles"
868,"USA","US-CA","Pasadena","803","America/Los_Angeles"
869,"USA","US-CA","Point Reyes Station","807","America/Los_Angeles"
870,"USA","US-CA","Pomona","803","America/Los_Angeles"
871,"USA","US-CA","Poway","825","America/Los_Angeles"
872,"USA","US-CA","Rancho Cucamonga","803","America/Los_Angeles"
873,"USA","US-CA","Redwood City","807","America/Los_Angeles"
874,"USA","US-CA","Reseda","803","America/Los_Angeles"
875,"USA","US-CA","Ridgecrest","803","America/Los_Angeles"
876,"USA","US-CA","Sacramento","862","America/Los_Angeles"
877,"USA","US-CA","Salinas","828","America/Los_Angeles"
878,"USA","US-CA","San Diego","825","America/Los_Angeles"
879,"USA","US-CA","San Fernando","803","America/Los_Angeles"
880,"USA","US-CA","San Francisco","807","America/Los_Angeles"
881,"USA","US-CA","San Jose","807","America/Los_Angeles"
882,"USA","US-CA","San Marcos","825","America/Los_Angeles"
883,"USA","US-CA","San Mateo","807","America/Los_Angeles"
884,"USA","US-CA","San Pablo","807","America/Los_Angeles"
885,"USA","US-CA","San Ramon","807","America/Los_Angeles"
886,"USA","US-CA","Santa Ana","803","America/Los_Angeles"
887,"USA","US-CA","Santa Clara","807","America/Los_Angeles"
888,"USA","US-CA","Santa Fe Springs","803","America/Los_Angeles"
889,"USA","US-CA","Santa Monica","803","America/Los_Angeles"
890,"USA","US-CA","Seal Beach","803","America/Los_Angeles"
891,"USA","US-CA","Signal Hill","803","America/Los_Angeles"
892,"USA","US-CA","Sonora","862","America/Los_Angeles"
893,"USA","US-CA","South Gate","803","America/Los_Angeles"
894,"USA","US-CA","Stanford","807","America/Los_Angeles"
895,"USA","US-CA","Sun City","803","America/Los_Angeles"
896,"USA","US-CA","Sunnyvale","807","America/Los_Angeles"
897,"USA","US-CA","Temecula","803","America/Los_Angeles"
898,"USA","US-CA","Torrance","803","America/Los_Angeles"
899,"USA","US-CA","Tujunga","803","America/Los_Angeles"
900,"USA","US-CA","Tustin","803","America/Los_Angeles"
901,"USA","US-CA","Upland","803","America/Los_Angeles"
902,"USA","US-CA","Vacaville","862","America/Los_Angeles"
903,"USA","US-CA","Vallejo","807","America/Los_Angeles"
904,"USA","US-CA","Valley Center","825","America/Los_Angeles"
905,"USA","US-CA","Vista","825","America/Los_Angeles"
906,"USA","US-CA","Wallace","862","America/Los_Angeles"
907,"USA","US-CA","Walnut","803","America/Los_Angeles"
908,"USA","US-CA","Walnut Creek","807","America/Los_Angeles"
909,"USA","US-CA","Warner Springs","825","America/Los_Angeles"
910,"USA","US-CA","Wildomar","803","America/Los_Angeles"
911,"USA","US-CA","Wilseyville","862","America/Los_Angeles"
912,"USA","US-CA","Winchester","803","America/Los_Angeles"
913,"USA","US-CA","Woodland Hills","803","America/Los_Angeles"
914,"USA","US-CO","Aguilar","752","America/Denver"
915,"USA","US-CO","Arvada","751","America/Denver"
916,"USA","US-CO","Aurora","751","America/Denver"
917,"USA","US-CO","Bennett","751","America/Denver"
918,"USA","US-CO","Broomfield","751","America/Denver"
919,"USA","US-CO","Byers","751","America/Denver"
920,"USA","US-CO","Castle Rock","751","America/Denver"
921,"USA","US-CO","Colorado Springs","752","America/Denver"
922,"USA","US-CO","Deer Trail","751","America/Denver"
923,"USA","US-CO","Denver","751","America/Denver"
924,"USA","US-CO","Elizabeth","751","America/Denver"
925,"USA","US-CO","Englewood","751","America/Denver"
926,"USA","US-CO","Fountain","752","America/Denver"
927,"USA","US-CO","Lafayette","751","America/Denver"
928,"USA","US-CO","Littleton","751","America/Denver"
929,"USA","US-CO","Louisville","751","America/Denver"
930,"USA","US-CO","Sedalia","751","America/Denver"
931,"USA","US-CO","Strasburg","751","America/Denver"
932,"USA","US-CO","Watkins","751","America/Denver"
933,"USA","US-NM","Albuquerque","790","America/Denver"
934,"USA","US-NM","Las Cruces","765","America/Denver"
935,"USA","US-NM","Lordsburg","790","America/Denver"
936,"USA","US-NM","Los Lunas","790","America/Denver"
937,"USA","US-NM","Mills","790","America/Denver"
938,"USA","US-NM","Placitas","790","America/Denver"
939,"USA","US-NM","Socorro","790","America/Denver"
940,"USA","US-NM","Thoreau","790","America/Denver"
941,"USA","US-NV","Henderson","839","America/Los_Angeles"
942,"USA","US-NV","Las Vegas","839","America/Los_Angeles"
943,"USA","US-NV","Pahrump","839","America/Los_Angeles"
944,"USA","US-NV","Reno","811","America/Los_Angeles"
945,"USA","US-NV","Wellington","811","America/Los_Angeles"
946,"USA","US-NV","Yerington","811","America/Los_Angeles"
947,"USA","US-TX","Canadian","634","America/Chicago"
948,"USA","US-TX","Clarendon","634","America/Chicago"
949,"USA","US-TX","El Paso","765","America/Denver"
950,"USA","US-TX","Floydada","651","America/Chicago"
951,"USA","US-UT","Leeds","770","America/Denver"
952,"USA","US-CO","Bellvue","751","America/Denver"
953,"USA","US-CO","Boulder","751","America/Denver"
954,"USA","US-CO","Erie","751","America/Denver"
955,"USA","US-CO","Fort Collins","751","America/Denver"
956,"USA","US-CO","Julesburg","751","America/Denver"
957,"USA","US-CO","Longmont","751","America/Denver"
958,"USA","US-CO","Loveland","751","America/Denver"
959,"USA","US-CO","Lyons","751","America/Denver"
960,"USA","US-CO","Windsor","751","America/Denver"
961,"USA","US-ID","Idaho Falls","758","America/Boise"
962,"USA","US-ID","Priest River","881","America/Los_Angeles"
963,"USA","US-ND","Bismarck","687","America/Chicago"
964,"USA","US-NE","Morrill","759","America/Denver"
965,"USA","US-NV","Winnemucca","811","America/Los_Angeles"
966,"USA","US-OR","Portland","820","America/Los_Angeles"
967,"USA","US-OR","Sutherlin","801","America/Los_Angeles"
968,"USA","US-OR","Tualatin","820","America/Los_Angeles"
969,"USA","US-UT","Brigham City","770","America/Denver"
970,"USA","US-UT","Clearfield","770","America/Denver"
971,"USA","US-UT","Orem","770","America/Denver"
972,"USA","US-UT","Salt Lake City","770","America/Denver"
973,"USA","US-UT","Woods Cross","770","America/Denver"
974,"USA","US-WA","Auburn","819","America/Los_Angeles"
975,"USA","US-WA","Bellevue","819","America/Los_Angeles"
976,"USA","US-WA","Bothell","819","America/Los_Angeles"
977,"USA","US-WA","Kirkland","819","America/Los_Angeles"
978,"USA","US-WA","Olympia","819","America/Los_Angeles"
979,"USA","US-WA","Redmond","819","America/Los_Angeles"
980,"USA","US-WA","Renton","819","America/Los_Angeles"
981,"USA","US-WA","Sammamish","819","America/Los_Angeles"
982,"USA","US-WA","Seattle","819","America/Los_Angeles"
983,"USA","US-WA","Spokane","881","America/Los_Angeles"
984,"USA","US-WA","Tacoma","819","America/Los_Angeles"
985,"USA","US-WA","Valley","881","America/Los_Angeles"
986,"USA","US-WA","Vancouver","820","America/Los_Angeles"
987,"USA","US-WY","Cheyenne","759","America/Denver"
988,"USA","US-WY","Lyman","770","America/Denver"
989,"USA","US-WY","Mountain View","770","America/Denver"
990,"USA","US-WY","Rock Springs","770","America/Denver"
991,"USA","US-WY","Rozet","764","America/Denver"
992,"USA","US-NJ","Edison","501","America/New_York"
993,"USA","US-NJ","East Brunswick","501","America/New_York"
994,"USA","US-NJ","Orange","501","America/New_York"
995,"USA","US-NJ","Irvington","501","America/New_York"
996,"USA","US-NJ","Springfield Township","501","America/New_York"
997,"USA","US-KS","Fort Riley-Camp Whiteside","605","America/Chicago"
998,"USA","US-MI","Waterford","505","America/Detroit"
999,"USA","US-MI","West Bloomfield","505","America/Detroit"
